"step","funnel_step","platform","age_range","year_month","funnel_count","total_count_for_stage"
"1","App Downloads","android","18-24","2021-01","59","23608"
"1","App Downloads","android","18-24","2021-02","44","23608"
"1","App Downloads","android","18-24","2021-03","39","23608"
"1","App Downloads","android","18-24","2021-04","38","23608"
"1","App Downloads","android","18-24","2021-05","36","23608"
"1","App Downloads","android","18-24","2021-06","52","23608"
"1","App Downloads","android","18-24","2021-07","50","23608"
"1","App Downloads","android","18-24","2021-08","31","23608"
"1","App Downloads","android","18-24","2021-09","48","23608"
"1","App Downloads","android","18-24","2021-10","52","23608"
"1","App Downloads","android","18-24","2021-11","51","23608"
"1","App Downloads","android","18-24","2021-12","47","23608"
"1","App Downloads","android","25-34","2021-01","75","23608"
"1","App Downloads","android","25-34","2021-02","84","23608"
"1","App Downloads","android","25-34","2021-03","81","23608"
"1","App Downloads","android","25-34","2021-04","80","23608"
"1","App Downloads","android","25-34","2021-05","97","23608"
"1","App Downloads","android","25-34","2021-06","60","23608"
"1","App Downloads","android","25-34","2021-07","97","23608"
"1","App Downloads","android","25-34","2021-08","89","23608"
"1","App Downloads","android","25-34","2021-09","76","23608"
"1","App Downloads","android","25-34","2021-10","84","23608"
"1","App Downloads","android","25-34","2021-11","93","23608"
"1","App Downloads","android","25-34","2021-12","83","23608"
"1","App Downloads","android","35-44","2021-01","146","23608"
"1","App Downloads","android","35-44","2021-02","110","23608"
"1","App Downloads","android","35-44","2021-03","124","23608"
"1","App Downloads","android","35-44","2021-04","119","23608"
"1","App Downloads","android","35-44","2021-05","125","23608"
"1","App Downloads","android","35-44","2021-06","129","23608"
"1","App Downloads","android","35-44","2021-07","138","23608"
"1","App Downloads","android","35-44","2021-08","119","23608"
"1","App Downloads","android","35-44","2021-09","124","23608"
"1","App Downloads","android","35-44","2021-10","114","23608"
"1","App Downloads","android","35-44","2021-11","145","23608"
"1","App Downloads","android","35-44","2021-12","116","23608"
"1","App Downloads","android","45-54","2021-01","47","23608"
"1","App Downloads","android","45-54","2021-02","61","23608"
"1","App Downloads","android","45-54","2021-03","36","23608"
"1","App Downloads","android","45-54","2021-04","52","23608"
"1","App Downloads","android","45-54","2021-05","44","23608"
"1","App Downloads","android","45-54","2021-06","52","23608"
"1","App Downloads","android","45-54","2021-07","44","23608"
"1","App Downloads","android","45-54","2021-08","51","23608"
"1","App Downloads","android","45-54","2021-09","34","23608"
"1","App Downloads","android","45-54","2021-10","55","23608"
"1","App Downloads","android","45-54","2021-11","33","23608"
"1","App Downloads","android","45-54","2021-12","37","23608"
"1","App Downloads","android","Unknown","2021-01","139","23608"
"1","App Downloads","android","Unknown","2021-02","116","23608"
"1","App Downloads","android","Unknown","2021-03","158","23608"
"1","App Downloads","android","Unknown","2021-04","135","23608"
"1","App Downloads","android","Unknown","2021-05","139","23608"
"1","App Downloads","android","Unknown","2021-06","138","23608"
"1","App Downloads","android","Unknown","2021-07","106","23608"
"1","App Downloads","android","Unknown","2021-08","119","23608"
"1","App Downloads","android","Unknown","2021-09","98","23608"
"1","App Downloads","android","Unknown","2021-10","159","23608"
"1","App Downloads","android","Unknown","2021-11","133","23608"
"1","App Downloads","android","Unknown","2021-12","107","23608"
"1","App Downloads","android","","2021-01","168","23608"
"1","App Downloads","android","","2021-02","130","23608"
"1","App Downloads","android","","2021-03","159","23608"
"1","App Downloads","android","","2021-04","155","23608"
"1","App Downloads","android","","2021-05","158","23608"
"1","App Downloads","android","","2021-06","134","23608"
"1","App Downloads","android","","2021-07","151","23608"
"1","App Downloads","android","","2021-08","151","23608"
"1","App Downloads","android","","2021-09","126","23608"
"1","App Downloads","android","","2021-10","140","23608"
"1","App Downloads","android","","2021-11","140","23608"
"1","App Downloads","android","","2021-12","175","23608"
"1","App Downloads","ios","18-24","2021-01","93","23608"
"1","App Downloads","ios","18-24","2021-02","93","23608"
"1","App Downloads","ios","18-24","2021-03","102","23608"
"1","App Downloads","ios","18-24","2021-04","84","23608"
"1","App Downloads","ios","18-24","2021-05","95","23608"
"1","App Downloads","ios","18-24","2021-06","94","23608"
"1","App Downloads","ios","18-24","2021-07","85","23608"
"1","App Downloads","ios","18-24","2021-08","108","23608"
"1","App Downloads","ios","18-24","2021-09","88","23608"
"1","App Downloads","ios","18-24","2021-10","92","23608"
"1","App Downloads","ios","18-24","2021-11","87","23608"
"1","App Downloads","ios","18-24","2021-12","97","23608"
"1","App Downloads","ios","25-34","2021-01","195","23608"
"1","App Downloads","ios","25-34","2021-02","157","23608"
"1","App Downloads","ios","25-34","2021-03","164","23608"
"1","App Downloads","ios","25-34","2021-04","176","23608"
"1","App Downloads","ios","25-34","2021-05","176","23608"
"1","App Downloads","ios","25-34","2021-06","193","23608"
"1","App Downloads","ios","25-34","2021-07","175","23608"
"1","App Downloads","ios","25-34","2021-08","173","23608"
"1","App Downloads","ios","25-34","2021-09","178","23608"
"1","App Downloads","ios","25-34","2021-10","177","23608"
"1","App Downloads","ios","25-34","2021-11","175","23608"
"1","App Downloads","ios","25-34","2021-12","178","23608"
"1","App Downloads","ios","35-44","2021-01","256","23608"
"1","App Downloads","ios","35-44","2021-02","239","23608"
"1","App Downloads","ios","35-44","2021-03","244","23608"
"1","App Downloads","ios","35-44","2021-04","270","23608"
"1","App Downloads","ios","35-44","2021-05","253","23608"
"1","App Downloads","ios","35-44","2021-06","292","23608"
"1","App Downloads","ios","35-44","2021-07","259","23608"
"1","App Downloads","ios","35-44","2021-08","283","23608"
"1","App Downloads","ios","35-44","2021-09","272","23608"
"1","App Downloads","ios","35-44","2021-10","238","23608"
"1","App Downloads","ios","35-44","2021-11","264","23608"
"1","App Downloads","ios","35-44","2021-12","264","23608"
"1","App Downloads","ios","45-54","2021-01","89","23608"
"1","App Downloads","ios","45-54","2021-02","96","23608"
"1","App Downloads","ios","45-54","2021-03","103","23608"
"1","App Downloads","ios","45-54","2021-04","83","23608"
"1","App Downloads","ios","45-54","2021-05","93","23608"
"1","App Downloads","ios","45-54","2021-06","80","23608"
"1","App Downloads","ios","45-54","2021-07","94","23608"
"1","App Downloads","ios","45-54","2021-08","99","23608"
"1","App Downloads","ios","45-54","2021-09","87","23608"
"1","App Downloads","ios","45-54","2021-10","93","23608"
"1","App Downloads","ios","45-54","2021-11","88","23608"
"1","App Downloads","ios","45-54","2021-12","94","23608"
"1","App Downloads","ios","Unknown","2021-01","260","23608"
"1","App Downloads","ios","Unknown","2021-02","255","23608"
"1","App Downloads","ios","Unknown","2021-03","253","23608"
"1","App Downloads","ios","Unknown","2021-04","277","23608"
"1","App Downloads","ios","Unknown","2021-05","267","23608"
"1","App Downloads","ios","Unknown","2021-06","294","23608"
"1","App Downloads","ios","Unknown","2021-07","248","23608"
"1","App Downloads","ios","Unknown","2021-08","265","23608"
"1","App Downloads","ios","Unknown","2021-09","326","23608"
"1","App Downloads","ios","Unknown","2021-10","280","23608"
"1","App Downloads","ios","Unknown","2021-11","272","23608"
"1","App Downloads","ios","Unknown","2021-12","263","23608"
"1","App Downloads","ios","","2021-01","335","23608"
"1","App Downloads","ios","","2021-02","251","23608"
"1","App Downloads","ios","","2021-03","314","23608"
"1","App Downloads","ios","","2021-04","291","23608"
"1","App Downloads","ios","","2021-05","285","23608"
"1","App Downloads","ios","","2021-06","287","23608"
"1","App Downloads","ios","","2021-07","308","23608"
"1","App Downloads","ios","","2021-08","291","23608"
"1","App Downloads","ios","","2021-09","316","23608"
"1","App Downloads","ios","","2021-10","294","23608"
"1","App Downloads","ios","","2021-11","280","23608"
"1","App Downloads","ios","","2021-12","310","23608"
"1","App Downloads","web","18-24","2021-01","15","23608"
"1","App Downloads","web","18-24","2021-02","17","23608"
"1","App Downloads","web","18-24","2021-03","21","23608"
"1","App Downloads","web","18-24","2021-04","14","23608"
"1","App Downloads","web","18-24","2021-05","15","23608"
"1","App Downloads","web","18-24","2021-06","20","23608"
"1","App Downloads","web","18-24","2021-07","16","23608"
"1","App Downloads","web","18-24","2021-08","24","23608"
"1","App Downloads","web","18-24","2021-09","16","23608"
"1","App Downloads","web","18-24","2021-10","16","23608"
"1","App Downloads","web","18-24","2021-11","9","23608"
"1","App Downloads","web","18-24","2021-12","17","23608"
"1","App Downloads","web","25-34","2021-01","25","23608"
"1","App Downloads","web","25-34","2021-02","28","23608"
"1","App Downloads","web","25-34","2021-03","24","23608"
"1","App Downloads","web","25-34","2021-04","21","23608"
"1","App Downloads","web","25-34","2021-05","26","23608"
"1","App Downloads","web","25-34","2021-06","35","23608"
"1","App Downloads","web","25-34","2021-07","31","23608"
"1","App Downloads","web","25-34","2021-08","38","23608"
"1","App Downloads","web","25-34","2021-09","24","23608"
"1","App Downloads","web","25-34","2021-10","28","23608"
"1","App Downloads","web","25-34","2021-11","21","23608"
"1","App Downloads","web","25-34","2021-12","30","23608"
"1","App Downloads","web","35-44","2021-01","42","23608"
"1","App Downloads","web","35-44","2021-02","45","23608"
"1","App Downloads","web","35-44","2021-03","48","23608"
"1","App Downloads","web","35-44","2021-04","45","23608"
"1","App Downloads","web","35-44","2021-05","47","23608"
"1","App Downloads","web","35-44","2021-06","51","23608"
"1","App Downloads","web","35-44","2021-07","38","23608"
"1","App Downloads","web","35-44","2021-08","44","23608"
"1","App Downloads","web","35-44","2021-09","42","23608"
"1","App Downloads","web","35-44","2021-10","56","23608"
"1","App Downloads","web","35-44","2021-11","45","23608"
"1","App Downloads","web","35-44","2021-12","35","23608"
"1","App Downloads","web","45-54","2021-01","12","23608"
"1","App Downloads","web","45-54","2021-02","9","23608"
"1","App Downloads","web","45-54","2021-03","13","23608"
"1","App Downloads","web","45-54","2021-04","19","23608"
"1","App Downloads","web","45-54","2021-05","17","23608"
"1","App Downloads","web","45-54","2021-06","19","23608"
"1","App Downloads","web","45-54","2021-07","20","23608"
"1","App Downloads","web","45-54","2021-08","17","23608"
"1","App Downloads","web","45-54","2021-09","15","23608"
"1","App Downloads","web","45-54","2021-10","14","23608"
"1","App Downloads","web","45-54","2021-11","13","23608"
"1","App Downloads","web","45-54","2021-12","13","23608"
"1","App Downloads","web","Unknown","2021-01","33","23608"
"1","App Downloads","web","Unknown","2021-02","38","23608"
"1","App Downloads","web","Unknown","2021-03","29","23608"
"1","App Downloads","web","Unknown","2021-04","37","23608"
"1","App Downloads","web","Unknown","2021-05","41","23608"
"1","App Downloads","web","Unknown","2021-06","47","23608"
"1","App Downloads","web","Unknown","2021-07","45","23608"
"1","App Downloads","web","Unknown","2021-08","48","23608"
"1","App Downloads","web","Unknown","2021-09","44","23608"
"1","App Downloads","web","Unknown","2021-10","54","23608"
"1","App Downloads","web","Unknown","2021-11","37","23608"
"1","App Downloads","web","Unknown","2021-12","44","23608"
"1","App Downloads","web","","2021-01","56","23608"
"1","App Downloads","web","","2021-02","58","23608"
"1","App Downloads","web","","2021-03","56","23608"
"1","App Downloads","web","","2021-04","53","23608"
"1","App Downloads","web","","2021-05","41","23608"
"1","App Downloads","web","","2021-06","54","23608"
"1","App Downloads","web","","2021-07","65","23608"
"1","App Downloads","web","","2021-08","48","23608"
"1","App Downloads","web","","2021-09","47","23608"
"1","App Downloads","web","","2021-10","62","23608"
"1","App Downloads","web","","2021-11","49","23608"
"1","App Downloads","web","","2021-12","47","23608"
"2","Signups","android","18-24","2021-01","54","17623"
"2","Signups","android","18-24","2021-02","48","17623"
"2","Signups","android","18-24","2021-03","39","17623"
"2","Signups","android","18-24","2021-04","39","17623"
"2","Signups","android","18-24","2021-05","35","17623"
"2","Signups","android","18-24","2021-06","53","17623"
"2","Signups","android","18-24","2021-07","47","17623"
"2","Signups","android","18-24","2021-08","34","17623"
"2","Signups","android","18-24","2021-09","47","17623"
"2","Signups","android","18-24","2021-10","50","17623"
"2","Signups","android","18-24","2021-11","52","17623"
"2","Signups","android","18-24","2021-12","46","17623"
"2","Signups","android","18-24","2022-01","3","17623"
"2","Signups","android","25-34","2021-01","73","17623"
"2","Signups","android","25-34","2021-02","84","17623"
"2","Signups","android","25-34","2021-03","81","17623"
"2","Signups","android","25-34","2021-04","80","17623"
"2","Signups","android","25-34","2021-05","95","17623"
"2","Signups","android","25-34","2021-06","61","17623"
"2","Signups","android","25-34","2021-07","96","17623"
"2","Signups","android","25-34","2021-08","89","17623"
"2","Signups","android","25-34","2021-09","79","17623"
"2","Signups","android","25-34","2021-10","81","17623"
"2","Signups","android","25-34","2021-11","96","17623"
"2","Signups","android","25-34","2021-12","81","17623"
"2","Signups","android","25-34","2022-01","3","17623"
"2","Signups","android","35-44","2021-01","145","17623"
"2","Signups","android","35-44","2021-02","104","17623"
"2","Signups","android","35-44","2021-03","128","17623"
"2","Signups","android","35-44","2021-04","118","17623"
"2","Signups","android","35-44","2021-05","122","17623"
"2","Signups","android","35-44","2021-06","132","17623"
"2","Signups","android","35-44","2021-07","137","17623"
"2","Signups","android","35-44","2021-08","123","17623"
"2","Signups","android","35-44","2021-09","121","17623"
"2","Signups","android","35-44","2021-10","116","17623"
"2","Signups","android","35-44","2021-11","144","17623"
"2","Signups","android","35-44","2021-12","114","17623"
"2","Signups","android","35-44","2022-01","5","17623"
"2","Signups","android","45-54","2021-01","47","17623"
"2","Signups","android","45-54","2021-02","60","17623"
"2","Signups","android","45-54","2021-03","32","17623"
"2","Signups","android","45-54","2021-04","56","17623"
"2","Signups","android","45-54","2021-05","43","17623"
"2","Signups","android","45-54","2021-06","49","17623"
"2","Signups","android","45-54","2021-07","47","17623"
"2","Signups","android","45-54","2021-08","51","17623"
"2","Signups","android","45-54","2021-09","36","17623"
"2","Signups","android","45-54","2021-10","54","17623"
"2","Signups","android","45-54","2021-11","32","17623"
"2","Signups","android","45-54","2021-12","39","17623"
"2","Signups","android","Unknown","2021-01","131","17623"
"2","Signups","android","Unknown","2021-02","124","17623"
"2","Signups","android","Unknown","2021-03","151","17623"
"2","Signups","android","Unknown","2021-04","141","17623"
"2","Signups","android","Unknown","2021-05","130","17623"
"2","Signups","android","Unknown","2021-06","147","17623"
"2","Signups","android","Unknown","2021-07","104","17623"
"2","Signups","android","Unknown","2021-08","116","17623"
"2","Signups","android","Unknown","2021-09","102","17623"
"2","Signups","android","Unknown","2021-10","152","17623"
"2","Signups","android","Unknown","2021-11","141","17623"
"2","Signups","android","Unknown","2021-12","106","17623"
"2","Signups","android","Unknown","2022-01","2","17623"
"2","Signups","ios","18-24","2021-01","91","17623"
"2","Signups","ios","18-24","2021-02","95","17623"
"2","Signups","ios","18-24","2021-03","97","17623"
"2","Signups","ios","18-24","2021-04","86","17623"
"2","Signups","ios","18-24","2021-05","94","17623"
"2","Signups","ios","18-24","2021-06","95","17623"
"2","Signups","ios","18-24","2021-07","86","17623"
"2","Signups","ios","18-24","2021-08","106","17623"
"2","Signups","ios","18-24","2021-09","90","17623"
"2","Signups","ios","18-24","2021-10","93","17623"
"2","Signups","ios","18-24","2021-11","85","17623"
"2","Signups","ios","18-24","2021-12","94","17623"
"2","Signups","ios","18-24","2022-01","6","17623"
"2","Signups","ios","25-34","2021-01","190","17623"
"2","Signups","ios","25-34","2021-02","156","17623"
"2","Signups","ios","25-34","2021-03","165","17623"
"2","Signups","ios","25-34","2021-04","174","17623"
"2","Signups","ios","25-34","2021-05","182","17623"
"2","Signups","ios","25-34","2021-06","188","17623"
"2","Signups","ios","25-34","2021-07","172","17623"
"2","Signups","ios","25-34","2021-08","175","17623"
"2","Signups","ios","25-34","2021-09","183","17623"
"2","Signups","ios","25-34","2021-10","172","17623"
"2","Signups","ios","25-34","2021-11","175","17623"
"2","Signups","ios","25-34","2021-12","180","17623"
"2","Signups","ios","25-34","2022-01","5","17623"
"2","Signups","ios","35-44","2021-01","245","17623"
"2","Signups","ios","35-44","2021-02","245","17623"
"2","Signups","ios","35-44","2021-03","241","17623"
"2","Signups","ios","35-44","2021-04","272","17623"
"2","Signups","ios","35-44","2021-05","251","17623"
"2","Signups","ios","35-44","2021-06","290","17623"
"2","Signups","ios","35-44","2021-07","260","17623"
"2","Signups","ios","35-44","2021-08","286","17623"
"2","Signups","ios","35-44","2021-09","275","17623"
"2","Signups","ios","35-44","2021-10","230","17623"
"2","Signups","ios","35-44","2021-11","267","17623"
"2","Signups","ios","35-44","2021-12","262","17623"
"2","Signups","ios","35-44","2022-01","10","17623"
"2","Signups","ios","45-54","2021-01","86","17623"
"2","Signups","ios","45-54","2021-02","98","17623"
"2","Signups","ios","45-54","2021-03","100","17623"
"2","Signups","ios","45-54","2021-04","85","17623"
"2","Signups","ios","45-54","2021-05","92","17623"
"2","Signups","ios","45-54","2021-06","81","17623"
"2","Signups","ios","45-54","2021-07","93","17623"
"2","Signups","ios","45-54","2021-08","98","17623"
"2","Signups","ios","45-54","2021-09","88","17623"
"2","Signups","ios","45-54","2021-10","92","17623"
"2","Signups","ios","45-54","2021-11","88","17623"
"2","Signups","ios","45-54","2021-12","96","17623"
"2","Signups","ios","45-54","2022-01","2","17623"
"2","Signups","ios","Unknown","2021-01","250","17623"
"2","Signups","ios","Unknown","2021-02","255","17623"
"2","Signups","ios","Unknown","2021-03","258","17623"
"2","Signups","ios","Unknown","2021-04","278","17623"
"2","Signups","ios","Unknown","2021-05","263","17623"
"2","Signups","ios","Unknown","2021-06","294","17623"
"2","Signups","ios","Unknown","2021-07","250","17623"
"2","Signups","ios","Unknown","2021-08","264","17623"
"2","Signups","ios","Unknown","2021-09","321","17623"
"2","Signups","ios","Unknown","2021-10","285","17623"
"2","Signups","ios","Unknown","2021-11","267","17623"
"2","Signups","ios","Unknown","2021-12","267","17623"
"2","Signups","ios","Unknown","2022-01","8","17623"
"2","Signups","web","18-24","2021-01","15","17623"
"2","Signups","web","18-24","2021-02","17","17623"
"2","Signups","web","18-24","2021-03","21","17623"
"2","Signups","web","18-24","2021-04","13","17623"
"2","Signups","web","18-24","2021-05","16","17623"
"2","Signups","web","18-24","2021-06","19","17623"
"2","Signups","web","18-24","2021-07","17","17623"
"2","Signups","web","18-24","2021-08","24","17623"
"2","Signups","web","18-24","2021-09","16","17623"
"2","Signups","web","18-24","2021-10","15","17623"
"2","Signups","web","18-24","2021-11","9","17623"
"2","Signups","web","18-24","2021-12","18","17623"
"2","Signups","web","25-34","2021-01","23","17623"
"2","Signups","web","25-34","2021-02","29","17623"
"2","Signups","web","25-34","2021-03","24","17623"
"2","Signups","web","25-34","2021-04","21","17623"
"2","Signups","web","25-34","2021-05","27","17623"
"2","Signups","web","25-34","2021-06","35","17623"
"2","Signups","web","25-34","2021-07","31","17623"
"2","Signups","web","25-34","2021-08","37","17623"
"2","Signups","web","25-34","2021-09","24","17623"
"2","Signups","web","25-34","2021-10","27","17623"
"2","Signups","web","25-34","2021-11","23","17623"
"2","Signups","web","25-34","2021-12","30","17623"
"2","Signups","web","35-44","2021-01","41","17623"
"2","Signups","web","35-44","2021-02","40","17623"
"2","Signups","web","35-44","2021-03","53","17623"
"2","Signups","web","35-44","2021-04","41","17623"
"2","Signups","web","35-44","2021-05","50","17623"
"2","Signups","web","35-44","2021-06","52","17623"
"2","Signups","web","35-44","2021-07","39","17623"
"2","Signups","web","35-44","2021-08","44","17623"
"2","Signups","web","35-44","2021-09","39","17623"
"2","Signups","web","35-44","2021-10","56","17623"
"2","Signups","web","35-44","2021-11","48","17623"
"2","Signups","web","35-44","2021-12","34","17623"
"2","Signups","web","35-44","2022-01","1","17623"
"2","Signups","web","45-54","2021-01","11","17623"
"2","Signups","web","45-54","2021-02","10","17623"
"2","Signups","web","45-54","2021-03","13","17623"
"2","Signups","web","45-54","2021-04","18","17623"
"2","Signups","web","45-54","2021-05","17","17623"
"2","Signups","web","45-54","2021-06","20","17623"
"2","Signups","web","45-54","2021-07","18","17623"
"2","Signups","web","45-54","2021-08","18","17623"
"2","Signups","web","45-54","2021-09","16","17623"
"2","Signups","web","45-54","2021-10","13","17623"
"2","Signups","web","45-54","2021-11","14","17623"
"2","Signups","web","45-54","2021-12","13","17623"
"2","Signups","web","Unknown","2021-01","32","17623"
"2","Signups","web","Unknown","2021-02","37","17623"
"2","Signups","web","Unknown","2021-03","28","17623"
"2","Signups","web","Unknown","2021-04","38","17623"
"2","Signups","web","Unknown","2021-05","41","17623"
"2","Signups","web","Unknown","2021-06","46","17623"
"2","Signups","web","Unknown","2021-07","48","17623"
"2","Signups","web","Unknown","2021-08","46","17623"
"2","Signups","web","Unknown","2021-09","45","17623"
"2","Signups","web","Unknown","2021-10","55","17623"
"2","Signups","web","Unknown","2021-11","34","17623"
"2","Signups","web","Unknown","2021-12","46","17623"
"2","Signups","web","Unknown","2022-01","1","17623"
"3","Ride Requests","android","18-24","2021-01","21","12406"
"3","Ride Requests","android","18-24","2021-02","36","12406"
"3","Ride Requests","android","18-24","2021-03","52","12406"
"3","Ride Requests","android","18-24","2021-04","54","12406"
"3","Ride Requests","android","18-24","2021-05","61","12406"
"3","Ride Requests","android","18-24","2021-06","76","12406"
"3","Ride Requests","android","18-24","2021-07","87","12406"
"3","Ride Requests","android","18-24","2021-08","99","12406"
"3","Ride Requests","android","18-24","2021-09","106","12406"
"3","Ride Requests","android","18-24","2021-10","123","12406"
"3","Ride Requests","android","18-24","2021-11","134","12406"
"3","Ride Requests","android","18-24","2021-12","138","12406"
"3","Ride Requests","android","18-24","2022-01","100","12406"
"3","Ride Requests","android","18-24","2022-02","51","12406"
"3","Ride Requests","android","18-24","2022-03","12","12406"
"3","Ride Requests","android","25-34","2021-01","23","12406"
"3","Ride Requests","android","25-34","2021-02","58","12406"
"3","Ride Requests","android","25-34","2021-03","83","12406"
"3","Ride Requests","android","25-34","2021-04","103","12406"
"3","Ride Requests","android","25-34","2021-05","124","12406"
"3","Ride Requests","android","25-34","2021-06","132","12406"
"3","Ride Requests","android","25-34","2021-07","166","12406"
"3","Ride Requests","android","25-34","2021-08","177","12406"
"3","Ride Requests","android","25-34","2021-09","196","12406"
"3","Ride Requests","android","25-34","2021-10","214","12406"
"3","Ride Requests","android","25-34","2021-11","230","12406"
"3","Ride Requests","android","25-34","2021-12","253","12406"
"3","Ride Requests","android","25-34","2022-01","190","12406"
"3","Ride Requests","android","25-34","2022-02","94","12406"
"3","Ride Requests","android","25-34","2022-03","24","12406"
"3","Ride Requests","android","35-44","2021-01","51","12406"
"3","Ride Requests","android","35-44","2021-02","98","12406"
"3","Ride Requests","android","35-44","2021-03","141","12406"
"3","Ride Requests","android","35-44","2021-04","171","12406"
"3","Ride Requests","android","35-44","2021-05","192","12406"
"3","Ride Requests","android","35-44","2021-06","206","12406"
"3","Ride Requests","android","35-44","2021-07","234","12406"
"3","Ride Requests","android","35-44","2021-08","260","12406"
"3","Ride Requests","android","35-44","2021-09","301","12406"
"3","Ride Requests","android","35-44","2021-10","331","12406"
"3","Ride Requests","android","35-44","2021-11","366","12406"
"3","Ride Requests","android","35-44","2021-12","381","12406"
"3","Ride Requests","android","35-44","2022-01","282","12406"
"3","Ride Requests","android","35-44","2022-02","144","12406"
"3","Ride Requests","android","35-44","2022-03","49","12406"
"3","Ride Requests","android","35-44","2022-04","1","12406"
"3","Ride Requests","android","45-54","2021-01","16","12406"
"3","Ride Requests","android","45-54","2021-02","40","12406"
"3","Ride Requests","android","45-54","2021-03","53","12406"
"3","Ride Requests","android","45-54","2021-04","72","12406"
"3","Ride Requests","android","45-54","2021-05","78","12406"
"3","Ride Requests","android","45-54","2021-06","87","12406"
"3","Ride Requests","android","45-54","2021-07","89","12406"
"3","Ride Requests","android","45-54","2021-08","99","12406"
"3","Ride Requests","android","45-54","2021-09","94","12406"
"3","Ride Requests","android","45-54","2021-10","111","12406"
"3","Ride Requests","android","45-54","2021-11","106","12406"
"3","Ride Requests","android","45-54","2021-12","117","12406"
"3","Ride Requests","android","45-54","2022-01","84","12406"
"3","Ride Requests","android","45-54","2022-02","47","12406"
"3","Ride Requests","android","45-54","2022-03","18","12406"
"3","Ride Requests","android","45-54","2022-04","1","12406"
"3","Ride Requests","android","Unknown","2021-01","37","12406"
"3","Ride Requests","android","Unknown","2021-02","85","12406"
"3","Ride Requests","android","Unknown","2021-03","134","12406"
"3","Ride Requests","android","Unknown","2021-04","164","12406"
"3","Ride Requests","android","Unknown","2021-05","196","12406"
"3","Ride Requests","android","Unknown","2021-06","234","12406"
"3","Ride Requests","android","Unknown","2021-07","251","12406"
"3","Ride Requests","android","Unknown","2021-08","281","12406"
"3","Ride Requests","android","Unknown","2021-09","290","12406"
"3","Ride Requests","android","Unknown","2021-10","340","12406"
"3","Ride Requests","android","Unknown","2021-11","367","12406"
"3","Ride Requests","android","Unknown","2021-12","407","12406"
"3","Ride Requests","android","Unknown","2022-01","279","12406"
"3","Ride Requests","android","Unknown","2022-02","158","12406"
"3","Ride Requests","android","Unknown","2022-03","46","12406"
"3","Ride Requests","android","Unknown","2022-04","5","12406"
"3","Ride Requests","ios","18-24","2021-01","29","12406"
"3","Ride Requests","ios","18-24","2021-02","58","12406"
"3","Ride Requests","ios","18-24","2021-03","90","12406"
"3","Ride Requests","ios","18-24","2021-04","109","12406"
"3","Ride Requests","ios","18-24","2021-05","142","12406"
"3","Ride Requests","ios","18-24","2021-06","156","12406"
"3","Ride Requests","ios","18-24","2021-07","188","12406"
"3","Ride Requests","ios","18-24","2021-08","198","12406"
"3","Ride Requests","ios","18-24","2021-09","213","12406"
"3","Ride Requests","ios","18-24","2021-10","239","12406"
"3","Ride Requests","ios","18-24","2021-11","259","12406"
"3","Ride Requests","ios","18-24","2021-12","290","12406"
"3","Ride Requests","ios","18-24","2022-01","208","12406"
"3","Ride Requests","ios","18-24","2022-02","116","12406"
"3","Ride Requests","ios","18-24","2022-03","42","12406"
"3","Ride Requests","ios","25-34","2021-01","56","12406"
"3","Ride Requests","ios","25-34","2021-02","119","12406"
"3","Ride Requests","ios","25-34","2021-03","181","12406"
"3","Ride Requests","ios","25-34","2021-04","218","12406"
"3","Ride Requests","ios","25-34","2021-05","272","12406"
"3","Ride Requests","ios","25-34","2021-06","341","12406"
"3","Ride Requests","ios","25-34","2021-07","374","12406"
"3","Ride Requests","ios","25-34","2021-08","410","12406"
"3","Ride Requests","ios","25-34","2021-09","421","12406"
"3","Ride Requests","ios","25-34","2021-10","451","12406"
"3","Ride Requests","ios","25-34","2021-11","484","12406"
"3","Ride Requests","ios","25-34","2021-12","541","12406"
"3","Ride Requests","ios","25-34","2022-01","375","12406"
"3","Ride Requests","ios","25-34","2022-02","186","12406"
"3","Ride Requests","ios","25-34","2022-03","53","12406"
"3","Ride Requests","ios","25-34","2022-04","1","12406"
"3","Ride Requests","ios","35-44","2021-01","78","12406"
"3","Ride Requests","ios","35-44","2021-02","172","12406"
"3","Ride Requests","ios","35-44","2021-03","246","12406"
"3","Ride Requests","ios","35-44","2021-04","314","12406"
"3","Ride Requests","ios","35-44","2021-05","382","12406"
"3","Ride Requests","ios","35-44","2021-06","462","12406"
"3","Ride Requests","ios","35-44","2021-07","520","12406"
"3","Ride Requests","ios","35-44","2021-08","591","12406"
"3","Ride Requests","ios","35-44","2021-09","618","12406"
"3","Ride Requests","ios","35-44","2021-10","677","12406"
"3","Ride Requests","ios","35-44","2021-11","739","12406"
"3","Ride Requests","ios","35-44","2021-12","791","12406"
"3","Ride Requests","ios","35-44","2022-01","565","12406"
"3","Ride Requests","ios","35-44","2022-02","312","12406"
"3","Ride Requests","ios","35-44","2022-03","87","12406"
"3","Ride Requests","ios","35-44","2022-04","3","12406"
"3","Ride Requests","ios","45-54","2021-01","32","12406"
"3","Ride Requests","ios","45-54","2021-02","70","12406"
"3","Ride Requests","ios","45-54","2021-03","107","12406"
"3","Ride Requests","ios","45-54","2021-04","114","12406"
"3","Ride Requests","ios","45-54","2021-05","130","12406"
"3","Ride Requests","ios","45-54","2021-06","146","12406"
"3","Ride Requests","ios","45-54","2021-07","172","12406"
"3","Ride Requests","ios","45-54","2021-08","189","12406"
"3","Ride Requests","ios","45-54","2021-09","211","12406"
"3","Ride Requests","ios","45-54","2021-10","243","12406"
"3","Ride Requests","ios","45-54","2021-11","272","12406"
"3","Ride Requests","ios","45-54","2021-12","303","12406"
"3","Ride Requests","ios","45-54","2022-01","204","12406"
"3","Ride Requests","ios","45-54","2022-02","110","12406"
"3","Ride Requests","ios","45-54","2022-03","24","12406"
"3","Ride Requests","ios","Unknown","2021-01","67","12406"
"3","Ride Requests","ios","Unknown","2021-02","185","12406"
"3","Ride Requests","ios","Unknown","2021-03","271","12406"
"3","Ride Requests","ios","Unknown","2021-04","321","12406"
"3","Ride Requests","ios","Unknown","2021-05","379","12406"
"3","Ride Requests","ios","Unknown","2021-06","473","12406"
"3","Ride Requests","ios","Unknown","2021-07","529","12406"
"3","Ride Requests","ios","Unknown","2021-08","597","12406"
"3","Ride Requests","ios","Unknown","2021-09","693","12406"
"3","Ride Requests","ios","Unknown","2021-10","750","12406"
"3","Ride Requests","ios","Unknown","2021-11","789","12406"
"3","Ride Requests","ios","Unknown","2021-12","811","12406"
"3","Ride Requests","ios","Unknown","2022-01","569","12406"
"3","Ride Requests","ios","Unknown","2022-02","308","12406"
"3","Ride Requests","ios","Unknown","2022-03","83","12406"
"3","Ride Requests","ios","Unknown","2022-04","1","12406"
"3","Ride Requests","web","18-24","2021-01","2","12406"
"3","Ride Requests","web","18-24","2021-02","13","12406"
"3","Ride Requests","web","18-24","2021-03","19","12406"
"3","Ride Requests","web","18-24","2021-04","25","12406"
"3","Ride Requests","web","18-24","2021-05","29","12406"
"3","Ride Requests","web","18-24","2021-06","35","12406"
"3","Ride Requests","web","18-24","2021-07","40","12406"
"3","Ride Requests","web","18-24","2021-08","41","12406"
"3","Ride Requests","web","18-24","2021-09","40","12406"
"3","Ride Requests","web","18-24","2021-10","41","12406"
"3","Ride Requests","web","18-24","2021-11","39","12406"
"3","Ride Requests","web","18-24","2021-12","47","12406"
"3","Ride Requests","web","18-24","2022-01","32","12406"
"3","Ride Requests","web","18-24","2022-02","20","12406"
"3","Ride Requests","web","18-24","2022-03","4","12406"
"3","Ride Requests","web","25-34","2021-01","7","12406"
"3","Ride Requests","web","25-34","2021-02","20","12406"
"3","Ride Requests","web","25-34","2021-03","28","12406"
"3","Ride Requests","web","25-34","2021-04","34","12406"
"3","Ride Requests","web","25-34","2021-05","43","12406"
"3","Ride Requests","web","25-34","2021-06","48","12406"
"3","Ride Requests","web","25-34","2021-07","56","12406"
"3","Ride Requests","web","25-34","2021-08","60","12406"
"3","Ride Requests","web","25-34","2021-09","65","12406"
"3","Ride Requests","web","25-34","2021-10","71","12406"
"3","Ride Requests","web","25-34","2021-11","80","12406"
"3","Ride Requests","web","25-34","2021-12","76","12406"
"3","Ride Requests","web","25-34","2022-01","55","12406"
"3","Ride Requests","web","25-34","2022-02","28","12406"
"3","Ride Requests","web","25-34","2022-03","12","12406"
"3","Ride Requests","web","35-44","2021-01","10","12406"
"3","Ride Requests","web","35-44","2021-02","26","12406"
"3","Ride Requests","web","35-44","2021-03","44","12406"
"3","Ride Requests","web","35-44","2021-04","54","12406"
"3","Ride Requests","web","35-44","2021-05","67","12406"
"3","Ride Requests","web","35-44","2021-06","77","12406"
"3","Ride Requests","web","35-44","2021-07","84","12406"
"3","Ride Requests","web","35-44","2021-08","92","12406"
"3","Ride Requests","web","35-44","2021-09","104","12406"
"3","Ride Requests","web","35-44","2021-10","146","12406"
"3","Ride Requests","web","35-44","2021-11","153","12406"
"3","Ride Requests","web","35-44","2021-12","153","12406"
"3","Ride Requests","web","35-44","2022-01","97","12406"
"3","Ride Requests","web","35-44","2022-02","51","12406"
"3","Ride Requests","web","35-44","2022-03","8","12406"
"3","Ride Requests","web","45-54","2021-01","2","12406"
"3","Ride Requests","web","45-54","2021-02","8","12406"
"3","Ride Requests","web","45-54","2021-03","16","12406"
"3","Ride Requests","web","45-54","2021-04","22","12406"
"3","Ride Requests","web","45-54","2021-05","33","12406"
"3","Ride Requests","web","45-54","2021-06","33","12406"
"3","Ride Requests","web","45-54","2021-07","34","12406"
"3","Ride Requests","web","45-54","2021-08","32","12406"
"3","Ride Requests","web","45-54","2021-09","37","12406"
"3","Ride Requests","web","45-54","2021-10","33","12406"
"3","Ride Requests","web","45-54","2021-11","38","12406"
"3","Ride Requests","web","45-54","2021-12","38","12406"
"3","Ride Requests","web","45-54","2022-01","27","12406"
"3","Ride Requests","web","45-54","2022-02","13","12406"
"3","Ride Requests","web","45-54","2022-03","6","12406"
"3","Ride Requests","web","Unknown","2021-01","12","12406"
"3","Ride Requests","web","Unknown","2021-02","25","12406"
"3","Ride Requests","web","Unknown","2021-03","40","12406"
"3","Ride Requests","web","Unknown","2021-04","43","12406"
"3","Ride Requests","web","Unknown","2021-05","48","12406"
"3","Ride Requests","web","Unknown","2021-06","71","12406"
"3","Ride Requests","web","Unknown","2021-07","94","12406"
"3","Ride Requests","web","Unknown","2021-08","106","12406"
"3","Ride Requests","web","Unknown","2021-09","108","12406"
"3","Ride Requests","web","Unknown","2021-10","118","12406"
"3","Ride Requests","web","Unknown","2021-11","121","12406"
"3","Ride Requests","web","Unknown","2021-12","119","12406"
"3","Ride Requests","web","Unknown","2022-01","73","12406"
"3","Ride Requests","web","Unknown","2022-02","37","12406"
"3","Ride Requests","web","Unknown","2022-03","11","12406"
"4","Rides Accepted","android","18-24","2021-01","15","12278"
"4","Rides Accepted","android","18-24","2021-02","34","12278"
"4","Rides Accepted","android","18-24","2021-03","40","12278"
"4","Rides Accepted","android","18-24","2021-04","39","12278"
"4","Rides Accepted","android","18-24","2021-05","51","12278"
"4","Rides Accepted","android","18-24","2021-06","60","12278"
"4","Rides Accepted","android","18-24","2021-07","76","12278"
"4","Rides Accepted","android","18-24","2021-08","92","12278"
"4","Rides Accepted","android","18-24","2021-09","90","12278"
"4","Rides Accepted","android","18-24","2021-10","109","12278"
"4","Rides Accepted","android","18-24","2021-11","118","12278"
"4","Rides Accepted","android","18-24","2021-12","123","12278"
"4","Rides Accepted","android","18-24","2022-01","93","12278"
"4","Rides Accepted","android","18-24","2022-02","47","12278"
"4","Rides Accepted","android","18-24","2022-03","12","12278"
"4","Rides Accepted","android","25-34","2021-01","13","12278"
"4","Rides Accepted","android","25-34","2021-02","43","12278"
"4","Rides Accepted","android","25-34","2021-03","62","12278"
"4","Rides Accepted","android","25-34","2021-04","77","12278"
"4","Rides Accepted","android","25-34","2021-05","97","12278"
"4","Rides Accepted","android","25-34","2021-06","116","12278"
"4","Rides Accepted","android","25-34","2021-07","146","12278"
"4","Rides Accepted","android","25-34","2021-08","158","12278"
"4","Rides Accepted","android","25-34","2021-09","180","12278"
"4","Rides Accepted","android","25-34","2021-10","194","12278"
"4","Rides Accepted","android","25-34","2021-11","212","12278"
"4","Rides Accepted","android","25-34","2021-12","239","12278"
"4","Rides Accepted","android","25-34","2022-01","174","12278"
"4","Rides Accepted","android","25-34","2022-02","89","12278"
"4","Rides Accepted","android","25-34","2022-03","23","12278"
"4","Rides Accepted","android","35-44","2021-01","30","12278"
"4","Rides Accepted","android","35-44","2021-02","74","12278"
"4","Rides Accepted","android","35-44","2021-03","111","12278"
"4","Rides Accepted","android","35-44","2021-04","140","12278"
"4","Rides Accepted","android","35-44","2021-05","162","12278"
"4","Rides Accepted","android","35-44","2021-06","172","12278"
"4","Rides Accepted","android","35-44","2021-07","212","12278"
"4","Rides Accepted","android","35-44","2021-08","232","12278"
"4","Rides Accepted","android","35-44","2021-09","273","12278"
"4","Rides Accepted","android","35-44","2021-10","305","12278"
"4","Rides Accepted","android","35-44","2021-11","333","12278"
"4","Rides Accepted","android","35-44","2021-12","358","12278"
"4","Rides Accepted","android","35-44","2022-01","259","12278"
"4","Rides Accepted","android","35-44","2022-02","134","12278"
"4","Rides Accepted","android","35-44","2022-03","48","12278"
"4","Rides Accepted","android","35-44","2022-04","1","12278"
"4","Rides Accepted","android","45-54","2021-01","10","12278"
"4","Rides Accepted","android","45-54","2021-02","30","12278"
"4","Rides Accepted","android","45-54","2021-03","49","12278"
"4","Rides Accepted","android","45-54","2021-04","58","12278"
"4","Rides Accepted","android","45-54","2021-05","66","12278"
"4","Rides Accepted","android","45-54","2021-06","75","12278"
"4","Rides Accepted","android","45-54","2021-07","75","12278"
"4","Rides Accepted","android","45-54","2021-08","81","12278"
"4","Rides Accepted","android","45-54","2021-09","82","12278"
"4","Rides Accepted","android","45-54","2021-10","96","12278"
"4","Rides Accepted","android","45-54","2021-11","95","12278"
"4","Rides Accepted","android","45-54","2021-12","99","12278"
"4","Rides Accepted","android","45-54","2022-01","79","12278"
"4","Rides Accepted","android","45-54","2022-02","38","12278"
"4","Rides Accepted","android","45-54","2022-03","17","12278"
"4","Rides Accepted","android","45-54","2022-04","1","12278"
"4","Rides Accepted","android","Unknown","2021-01","21","12278"
"4","Rides Accepted","android","Unknown","2021-02","69","12278"
"4","Rides Accepted","android","Unknown","2021-03","106","12278"
"4","Rides Accepted","android","Unknown","2021-04","135","12278"
"4","Rides Accepted","android","Unknown","2021-05","149","12278"
"4","Rides Accepted","android","Unknown","2021-06","201","12278"
"4","Rides Accepted","android","Unknown","2021-07","214","12278"
"4","Rides Accepted","android","Unknown","2021-08","253","12278"
"4","Rides Accepted","android","Unknown","2021-09","257","12278"
"4","Rides Accepted","android","Unknown","2021-10","306","12278"
"4","Rides Accepted","android","Unknown","2021-11","344","12278"
"4","Rides Accepted","android","Unknown","2021-12","376","12278"
"4","Rides Accepted","android","Unknown","2022-01","263","12278"
"4","Rides Accepted","android","Unknown","2022-02","146","12278"
"4","Rides Accepted","android","Unknown","2022-03","45","12278"
"4","Rides Accepted","android","Unknown","2022-04","5","12278"
"4","Rides Accepted","ios","18-24","2021-01","24","12278"
"4","Rides Accepted","ios","18-24","2021-02","43","12278"
"4","Rides Accepted","ios","18-24","2021-03","76","12278"
"4","Rides Accepted","ios","18-24","2021-04","87","12278"
"4","Rides Accepted","ios","18-24","2021-05","118","12278"
"4","Rides Accepted","ios","18-24","2021-06","135","12278"
"4","Rides Accepted","ios","18-24","2021-07","172","12278"
"4","Rides Accepted","ios","18-24","2021-08","175","12278"
"4","Rides Accepted","ios","18-24","2021-09","186","12278"
"4","Rides Accepted","ios","18-24","2021-10","219","12278"
"4","Rides Accepted","ios","18-24","2021-11","241","12278"
"4","Rides Accepted","ios","18-24","2021-12","259","12278"
"4","Rides Accepted","ios","18-24","2022-01","197","12278"
"4","Rides Accepted","ios","18-24","2022-02","107","12278"
"4","Rides Accepted","ios","18-24","2022-03","40","12278"
"4","Rides Accepted","ios","25-34","2021-01","35","12278"
"4","Rides Accepted","ios","25-34","2021-02","91","12278"
"4","Rides Accepted","ios","25-34","2021-03","145","12278"
"4","Rides Accepted","ios","25-34","2021-04","179","12278"
"4","Rides Accepted","ios","25-34","2021-05","226","12278"
"4","Rides Accepted","ios","25-34","2021-06","284","12278"
"4","Rides Accepted","ios","25-34","2021-07","328","12278"
"4","Rides Accepted","ios","25-34","2021-08","358","12278"
"4","Rides Accepted","ios","25-34","2021-09","382","12278"
"4","Rides Accepted","ios","25-34","2021-10","406","12278"
"4","Rides Accepted","ios","25-34","2021-11","438","12278"
"4","Rides Accepted","ios","25-34","2021-12","495","12278"
"4","Rides Accepted","ios","25-34","2022-01","341","12278"
"4","Rides Accepted","ios","25-34","2022-02","168","12278"
"4","Rides Accepted","ios","25-34","2022-03","52","12278"
"4","Rides Accepted","ios","25-34","2022-04","1","12278"
"4","Rides Accepted","ios","35-44","2021-01","55","12278"
"4","Rides Accepted","ios","35-44","2021-02","129","12278"
"4","Rides Accepted","ios","35-44","2021-03","205","12278"
"4","Rides Accepted","ios","35-44","2021-04","258","12278"
"4","Rides Accepted","ios","35-44","2021-05","303","12278"
"4","Rides Accepted","ios","35-44","2021-06","404","12278"
"4","Rides Accepted","ios","35-44","2021-07","453","12278"
"4","Rides Accepted","ios","35-44","2021-08","521","12278"
"4","Rides Accepted","ios","35-44","2021-09","556","12278"
"4","Rides Accepted","ios","35-44","2021-10","615","12278"
"4","Rides Accepted","ios","35-44","2021-11","680","12278"
"4","Rides Accepted","ios","35-44","2021-12","724","12278"
"4","Rides Accepted","ios","35-44","2022-01","528","12278"
"4","Rides Accepted","ios","35-44","2022-02","282","12278"
"4","Rides Accepted","ios","35-44","2022-03","86","12278"
"4","Rides Accepted","ios","35-44","2022-04","3","12278"
"4","Rides Accepted","ios","45-54","2021-01","21","12278"
"4","Rides Accepted","ios","45-54","2021-02","51","12278"
"4","Rides Accepted","ios","45-54","2021-03","86","12278"
"4","Rides Accepted","ios","45-54","2021-04","91","12278"
"4","Rides Accepted","ios","45-54","2021-05","113","12278"
"4","Rides Accepted","ios","45-54","2021-06","125","12278"
"4","Rides Accepted","ios","45-54","2021-07","143","12278"
"4","Rides Accepted","ios","45-54","2021-08","173","12278"
"4","Rides Accepted","ios","45-54","2021-09","186","12278"
"4","Rides Accepted","ios","45-54","2021-10","219","12278"
"4","Rides Accepted","ios","45-54","2021-11","246","12278"
"4","Rides Accepted","ios","45-54","2021-12","281","12278"
"4","Rides Accepted","ios","45-54","2022-01","191","12278"
"4","Rides Accepted","ios","45-54","2022-02","99","12278"
"4","Rides Accepted","ios","45-54","2022-03","24","12278"
"4","Rides Accepted","ios","Unknown","2021-01","45","12278"
"4","Rides Accepted","ios","Unknown","2021-02","147","12278"
"4","Rides Accepted","ios","Unknown","2021-03","209","12278"
"4","Rides Accepted","ios","Unknown","2021-04","247","12278"
"4","Rides Accepted","ios","Unknown","2021-05","322","12278"
"4","Rides Accepted","ios","Unknown","2021-06","393","12278"
"4","Rides Accepted","ios","Unknown","2021-07","445","12278"
"4","Rides Accepted","ios","Unknown","2021-08","527","12278"
"4","Rides Accepted","ios","Unknown","2021-09","619","12278"
"4","Rides Accepted","ios","Unknown","2021-10","684","12278"
"4","Rides Accepted","ios","Unknown","2021-11","714","12278"
"4","Rides Accepted","ios","Unknown","2021-12","739","12278"
"4","Rides Accepted","ios","Unknown","2022-01","522","12278"
"4","Rides Accepted","ios","Unknown","2022-02","272","12278"
"4","Rides Accepted","ios","Unknown","2022-03","80","12278"
"4","Rides Accepted","ios","Unknown","2022-04","1","12278"
"4","Rides Accepted","web","18-24","2021-01","2","12278"
"4","Rides Accepted","web","18-24","2021-02","8","12278"
"4","Rides Accepted","web","18-24","2021-03","18","12278"
"4","Rides Accepted","web","18-24","2021-04","20","12278"
"4","Rides Accepted","web","18-24","2021-05","25","12278"
"4","Rides Accepted","web","18-24","2021-06","32","12278"
"4","Rides Accepted","web","18-24","2021-07","39","12278"
"4","Rides Accepted","web","18-24","2021-08","36","12278"
"4","Rides Accepted","web","18-24","2021-09","34","12278"
"4","Rides Accepted","web","18-24","2021-10","33","12278"
"4","Rides Accepted","web","18-24","2021-11","36","12278"
"4","Rides Accepted","web","18-24","2021-12","43","12278"
"4","Rides Accepted","web","18-24","2022-01","30","12278"
"4","Rides Accepted","web","18-24","2022-02","18","12278"
"4","Rides Accepted","web","18-24","2022-03","4","12278"
"4","Rides Accepted","web","25-34","2021-01","4","12278"
"4","Rides Accepted","web","25-34","2021-02","17","12278"
"4","Rides Accepted","web","25-34","2021-03","20","12278"
"4","Rides Accepted","web","25-34","2021-04","27","12278"
"4","Rides Accepted","web","25-34","2021-05","37","12278"
"4","Rides Accepted","web","25-34","2021-06","41","12278"
"4","Rides Accepted","web","25-34","2021-07","48","12278"
"4","Rides Accepted","web","25-34","2021-08","54","12278"
"4","Rides Accepted","web","25-34","2021-09","58","12278"
"4","Rides Accepted","web","25-34","2021-10","58","12278"
"4","Rides Accepted","web","25-34","2021-11","72","12278"
"4","Rides Accepted","web","25-34","2021-12","68","12278"
"4","Rides Accepted","web","25-34","2022-01","49","12278"
"4","Rides Accepted","web","25-34","2022-02","24","12278"
"4","Rides Accepted","web","25-34","2022-03","12","12278"
"4","Rides Accepted","web","35-44","2021-01","4","12278"
"4","Rides Accepted","web","35-44","2021-02","17","12278"
"4","Rides Accepted","web","35-44","2021-03","37","12278"
"4","Rides Accepted","web","35-44","2021-04","39","12278"
"4","Rides Accepted","web","35-44","2021-05","54","12278"
"4","Rides Accepted","web","35-44","2021-06","62","12278"
"4","Rides Accepted","web","35-44","2021-07","77","12278"
"4","Rides Accepted","web","35-44","2021-08","85","12278"
"4","Rides Accepted","web","35-44","2021-09","96","12278"
"4","Rides Accepted","web","35-44","2021-10","134","12278"
"4","Rides Accepted","web","35-44","2021-11","139","12278"
"4","Rides Accepted","web","35-44","2021-12","133","12278"
"4","Rides Accepted","web","35-44","2022-01","90","12278"
"4","Rides Accepted","web","35-44","2022-02","49","12278"
"4","Rides Accepted","web","35-44","2022-03","8","12278"
"4","Rides Accepted","web","45-54","2021-02","6","12278"
"4","Rides Accepted","web","45-54","2021-03","12","12278"
"4","Rides Accepted","web","45-54","2021-04","20","12278"
"4","Rides Accepted","web","45-54","2021-05","28","12278"
"4","Rides Accepted","web","45-54","2021-06","27","12278"
"4","Rides Accepted","web","45-54","2021-07","28","12278"
"4","Rides Accepted","web","45-54","2021-08","28","12278"
"4","Rides Accepted","web","45-54","2021-09","34","12278"
"4","Rides Accepted","web","45-54","2021-10","29","12278"
"4","Rides Accepted","web","45-54","2021-11","34","12278"
"4","Rides Accepted","web","45-54","2021-12","35","12278"
"4","Rides Accepted","web","45-54","2022-01","24","12278"
"4","Rides Accepted","web","45-54","2022-02","12","12278"
"4","Rides Accepted","web","45-54","2022-03","6","12278"
"4","Rides Accepted","web","Unknown","2021-01","8","12278"
"4","Rides Accepted","web","Unknown","2021-02","20","12278"
"4","Rides Accepted","web","Unknown","2021-03","28","12278"
"4","Rides Accepted","web","Unknown","2021-04","35","12278"
"4","Rides Accepted","web","Unknown","2021-05","35","12278"
"4","Rides Accepted","web","Unknown","2021-06","62","12278"
"4","Rides Accepted","web","Unknown","2021-07","83","12278"
"4","Rides Accepted","web","Unknown","2021-08","97","12278"
"4","Rides Accepted","web","Unknown","2021-09","98","12278"
"4","Rides Accepted","web","Unknown","2021-10","104","12278"
"4","Rides Accepted","web","Unknown","2021-11","113","12278"
"4","Rides Accepted","web","Unknown","2021-12","108","12278"
"4","Rides Accepted","web","Unknown","2022-01","70","12278"
"4","Rides Accepted","web","Unknown","2022-02","35","12278"
"4","Rides Accepted","web","Unknown","2022-03","9","12278"
"5","Pickups","android","18-24","2021-01","3","6233"
"5","Pickups","android","18-24","2021-02","5","6233"
"5","Pickups","android","18-24","2021-03","11","6233"
"5","Pickups","android","18-24","2021-04","16","6233"
"5","Pickups","android","18-24","2021-05","25","6233"
"5","Pickups","android","18-24","2021-06","36","6233"
"5","Pickups","android","18-24","2021-07","48","6233"
"5","Pickups","android","18-24","2021-08","61","6233"
"5","Pickups","android","18-24","2021-09","65","6233"
"5","Pickups","android","18-24","2021-10","72","6233"
"5","Pickups","android","18-24","2021-11","76","6233"
"5","Pickups","android","18-24","2021-12","83","6233"
"5","Pickups","android","18-24","2022-01","66","6233"
"5","Pickups","android","18-24","2022-02","35","6233"
"5","Pickups","android","18-24","2022-03","12","6233"
"5","Pickups","android","25-34","2021-02","7","6233"
"5","Pickups","android","25-34","2021-03","12","6233"
"5","Pickups","android","25-34","2021-04","27","6233"
"5","Pickups","android","25-34","2021-05","45","6233"
"5","Pickups","android","25-34","2021-06","61","6233"
"5","Pickups","android","25-34","2021-07","95","6233"
"5","Pickups","android","25-34","2021-08","111","6233"
"5","Pickups","android","25-34","2021-09","123","6233"
"5","Pickups","android","25-34","2021-10","133","6233"
"5","Pickups","android","25-34","2021-11","152","6233"
"5","Pickups","android","25-34","2021-12","170","6233"
"5","Pickups","android","25-34","2022-01","130","6233"
"5","Pickups","android","25-34","2022-02","79","6233"
"5","Pickups","android","25-34","2022-03","23","6233"
"5","Pickups","android","35-44","2021-01","2","6233"
"5","Pickups","android","35-44","2021-02","14","6233"
"5","Pickups","android","35-44","2021-03","31","6233"
"5","Pickups","android","35-44","2021-04","51","6233"
"5","Pickups","android","35-44","2021-05","71","6233"
"5","Pickups","android","35-44","2021-06","89","6233"
"5","Pickups","android","35-44","2021-07","127","6233"
"5","Pickups","android","35-44","2021-08","160","6233"
"5","Pickups","android","35-44","2021-09","192","6233"
"5","Pickups","android","35-44","2021-10","211","6233"
"5","Pickups","android","35-44","2021-11","231","6233"
"5","Pickups","android","35-44","2021-12","254","6233"
"5","Pickups","android","35-44","2022-01","204","6233"
"5","Pickups","android","35-44","2022-02","122","6233"
"5","Pickups","android","35-44","2022-03","47","6233"
"5","Pickups","android","35-44","2022-04","1","6233"
"5","Pickups","android","45-54","2021-01","1","6233"
"5","Pickups","android","45-54","2021-02","6","6233"
"5","Pickups","android","45-54","2021-03","15","6233"
"5","Pickups","android","45-54","2021-04","29","6233"
"5","Pickups","android","45-54","2021-05","36","6233"
"5","Pickups","android","45-54","2021-06","45","6233"
"5","Pickups","android","45-54","2021-07","45","6233"
"5","Pickups","android","45-54","2021-08","53","6233"
"5","Pickups","android","45-54","2021-09","54","6233"
"5","Pickups","android","45-54","2021-10","64","6233"
"5","Pickups","android","45-54","2021-11","64","6233"
"5","Pickups","android","45-54","2021-12","73","6233"
"5","Pickups","android","45-54","2022-01","58","6233"
"5","Pickups","android","45-54","2022-02","34","6233"
"5","Pickups","android","45-54","2022-03","15","6233"
"5","Pickups","android","45-54","2022-04","1","6233"
"5","Pickups","android","Unknown","2021-01","3","6233"
"5","Pickups","android","Unknown","2021-02","16","6233"
"5","Pickups","android","Unknown","2021-03","28","6233"
"5","Pickups","android","Unknown","2021-04","57","6233"
"5","Pickups","android","Unknown","2021-05","77","6233"
"5","Pickups","android","Unknown","2021-06","108","6233"
"5","Pickups","android","Unknown","2021-07","126","6233"
"5","Pickups","android","Unknown","2021-08","143","6233"
"5","Pickups","android","Unknown","2021-09","170","6233"
"5","Pickups","android","Unknown","2021-10","216","6233"
"5","Pickups","android","Unknown","2021-11","242","6233"
"5","Pickups","android","Unknown","2021-12","276","6233"
"5","Pickups","android","Unknown","2022-01","204","6233"
"5","Pickups","android","Unknown","2022-02","124","6233"
"5","Pickups","android","Unknown","2022-03","44","6233"
"5","Pickups","android","Unknown","2022-04","5","6233"
"5","Pickups","ios","18-24","2021-01","4","6233"
"5","Pickups","ios","18-24","2021-02","8","6233"
"5","Pickups","ios","18-24","2021-03","20","6233"
"5","Pickups","ios","18-24","2021-04","35","6233"
"5","Pickups","ios","18-24","2021-05","63","6233"
"5","Pickups","ios","18-24","2021-06","76","6233"
"5","Pickups","ios","18-24","2021-07","98","6233"
"5","Pickups","ios","18-24","2021-08","112","6233"
"5","Pickups","ios","18-24","2021-09","132","6233"
"5","Pickups","ios","18-24","2021-10","155","6233"
"5","Pickups","ios","18-24","2021-11","172","6233"
"5","Pickups","ios","18-24","2021-12","203","6233"
"5","Pickups","ios","18-24","2022-01","149","6233"
"5","Pickups","ios","18-24","2022-02","91","6233"
"5","Pickups","ios","18-24","2022-03","36","6233"
"5","Pickups","ios","25-34","2021-01","5","6233"
"5","Pickups","ios","25-34","2021-02","16","6233"
"5","Pickups","ios","25-34","2021-03","36","6233"
"5","Pickups","ios","25-34","2021-04","74","6233"
"5","Pickups","ios","25-34","2021-05","116","6233"
"5","Pickups","ios","25-34","2021-06","169","6233"
"5","Pickups","ios","25-34","2021-07","200","6233"
"5","Pickups","ios","25-34","2021-08","227","6233"
"5","Pickups","ios","25-34","2021-09","258","6233"
"5","Pickups","ios","25-34","2021-10","300","6233"
"5","Pickups","ios","25-34","2021-11","322","6233"
"5","Pickups","ios","25-34","2021-12","359","6233"
"5","Pickups","ios","25-34","2022-01","255","6233"
"5","Pickups","ios","25-34","2022-02","141","6233"
"5","Pickups","ios","25-34","2022-03","51","6233"
"5","Pickups","ios","25-34","2022-04","1","6233"
"5","Pickups","ios","35-44","2021-01","6","6233"
"5","Pickups","ios","35-44","2021-02","29","6233"
"5","Pickups","ios","35-44","2021-03","59","6233"
"5","Pickups","ios","35-44","2021-04","107","6233"
"5","Pickups","ios","35-44","2021-05","159","6233"
"5","Pickups","ios","35-44","2021-06","233","6233"
"5","Pickups","ios","35-44","2021-07","270","6233"
"5","Pickups","ios","35-44","2021-08","328","6233"
"5","Pickups","ios","35-44","2021-09","355","6233"
"5","Pickups","ios","35-44","2021-10","417","6233"
"5","Pickups","ios","35-44","2021-11","485","6233"
"5","Pickups","ios","35-44","2021-12","523","6233"
"5","Pickups","ios","35-44","2022-01","396","6233"
"5","Pickups","ios","35-44","2022-02","233","6233"
"5","Pickups","ios","35-44","2022-03","84","6233"
"5","Pickups","ios","35-44","2022-04","3","6233"
"5","Pickups","ios","45-54","2021-01","2","6233"
"5","Pickups","ios","45-54","2021-02","12","6233"
"5","Pickups","ios","45-54","2021-03","25","6233"
"5","Pickups","ios","45-54","2021-04","37","6233"
"5","Pickups","ios","45-54","2021-05","52","6233"
"5","Pickups","ios","45-54","2021-06","67","6233"
"5","Pickups","ios","45-54","2021-07","87","6233"
"5","Pickups","ios","45-54","2021-08","101","6233"
"5","Pickups","ios","45-54","2021-09","116","6233"
"5","Pickups","ios","45-54","2021-10","148","6233"
"5","Pickups","ios","45-54","2021-11","181","6233"
"5","Pickups","ios","45-54","2021-12","211","6233"
"5","Pickups","ios","45-54","2022-01","149","6233"
"5","Pickups","ios","45-54","2022-02","89","6233"
"5","Pickups","ios","45-54","2022-03","24","6233"
"5","Pickups","ios","Unknown","2021-01","2","6233"
"5","Pickups","ios","Unknown","2021-02","31","6233"
"5","Pickups","ios","Unknown","2021-03","58","6233"
"5","Pickups","ios","Unknown","2021-04","89","6233"
"5","Pickups","ios","Unknown","2021-05","139","6233"
"5","Pickups","ios","Unknown","2021-06","204","6233"
"5","Pickups","ios","Unknown","2021-07","257","6233"
"5","Pickups","ios","Unknown","2021-08","330","6233"
"5","Pickups","ios","Unknown","2021-09","409","6233"
"5","Pickups","ios","Unknown","2021-10","456","6233"
"5","Pickups","ios","Unknown","2021-11","496","6233"
"5","Pickups","ios","Unknown","2021-12","518","6233"
"5","Pickups","ios","Unknown","2022-01","380","6233"
"5","Pickups","ios","Unknown","2022-02","229","6233"
"5","Pickups","ios","Unknown","2022-03","76","6233"
"5","Pickups","ios","Unknown","2022-04","1","6233"
"5","Pickups","web","18-24","2021-02","1","6233"
"5","Pickups","web","18-24","2021-03","5","6233"
"5","Pickups","web","18-24","2021-04","11","6233"
"5","Pickups","web","18-24","2021-05","16","6233"
"5","Pickups","web","18-24","2021-06","18","6233"
"5","Pickups","web","18-24","2021-07","19","6233"
"5","Pickups","web","18-24","2021-08","22","6233"
"5","Pickups","web","18-24","2021-09","21","6233"
"5","Pickups","web","18-24","2021-10","22","6233"
"5","Pickups","web","18-24","2021-11","24","6233"
"5","Pickups","web","18-24","2021-12","33","6233"
"5","Pickups","web","18-24","2022-01","24","6233"
"5","Pickups","web","18-24","2022-02","17","6233"
"5","Pickups","web","18-24","2022-03","4","6233"
"5","Pickups","web","25-34","2021-01","2","6233"
"5","Pickups","web","25-34","2021-02","3","6233"
"5","Pickups","web","25-34","2021-03","5","6233"
"5","Pickups","web","25-34","2021-04","10","6233"
"5","Pickups","web","25-34","2021-05","17","6233"
"5","Pickups","web","25-34","2021-06","22","6233"
"5","Pickups","web","25-34","2021-07","26","6233"
"5","Pickups","web","25-34","2021-08","31","6233"
"5","Pickups","web","25-34","2021-09","36","6233"
"5","Pickups","web","25-34","2021-10","38","6233"
"5","Pickups","web","25-34","2021-11","47","6233"
"5","Pickups","web","25-34","2021-12","46","6233"
"5","Pickups","web","25-34","2022-01","37","6233"
"5","Pickups","web","25-34","2022-02","19","6233"
"5","Pickups","web","25-34","2022-03","12","6233"
"5","Pickups","web","35-44","2021-01","2","6233"
"5","Pickups","web","35-44","2021-02","4","6233"
"5","Pickups","web","35-44","2021-03","13","6233"
"5","Pickups","web","35-44","2021-04","14","6233"
"5","Pickups","web","35-44","2021-05","24","6233"
"5","Pickups","web","35-44","2021-06","32","6233"
"5","Pickups","web","35-44","2021-07","47","6233"
"5","Pickups","web","35-44","2021-08","56","6233"
"5","Pickups","web","35-44","2021-09","66","6233"
"5","Pickups","web","35-44","2021-10","89","6233"
"5","Pickups","web","35-44","2021-11","98","6233"
"5","Pickups","web","35-44","2021-12","99","6233"
"5","Pickups","web","35-44","2022-01","71","6233"
"5","Pickups","web","35-44","2022-02","45","6233"
"5","Pickups","web","35-44","2022-03","8","6233"
"5","Pickups","web","45-54","2021-02","2","6233"
"5","Pickups","web","45-54","2021-03","4","6233"
"5","Pickups","web","45-54","2021-04","9","6233"
"5","Pickups","web","45-54","2021-05","14","6233"
"5","Pickups","web","45-54","2021-06","14","6233"
"5","Pickups","web","45-54","2021-07","16","6233"
"5","Pickups","web","45-54","2021-08","16","6233"
"5","Pickups","web","45-54","2021-09","19","6233"
"5","Pickups","web","45-54","2021-10","19","6233"
"5","Pickups","web","45-54","2021-11","20","6233"
"5","Pickups","web","45-54","2021-12","19","6233"
"5","Pickups","web","45-54","2022-01","17","6233"
"5","Pickups","web","45-54","2022-02","8","6233"
"5","Pickups","web","45-54","2022-03","6","6233"
"5","Pickups","web","Unknown","2021-01","1","6233"
"5","Pickups","web","Unknown","2021-02","5","6233"
"5","Pickups","web","Unknown","2021-03","7","6233"
"5","Pickups","web","Unknown","2021-04","12","6233"
"5","Pickups","web","Unknown","2021-05","20","6233"
"5","Pickups","web","Unknown","2021-06","39","6233"
"5","Pickups","web","Unknown","2021-07","52","6233"
"5","Pickups","web","Unknown","2021-08","61","6233"
"5","Pickups","web","Unknown","2021-09","63","6233"
"5","Pickups","web","Unknown","2021-10","67","6233"
"5","Pickups","web","Unknown","2021-11","75","6233"
"5","Pickups","web","Unknown","2021-12","79","6233"
"5","Pickups","web","Unknown","2022-01","51","6233"
"5","Pickups","web","Unknown","2022-02","29","6233"
"5","Pickups","web","Unknown","2022-03","9","6233"
"6","Payment","android","18-24","2021-01","3","6233"
"6","Payment","android","18-24","2021-02","5","6233"
"6","Payment","android","18-24","2021-03","11","6233"
"6","Payment","android","18-24","2021-04","16","6233"
"6","Payment","android","18-24","2021-05","25","6233"
"6","Payment","android","18-24","2021-06","36","6233"
"6","Payment","android","18-24","2021-07","48","6233"
"6","Payment","android","18-24","2021-08","61","6233"
"6","Payment","android","18-24","2021-09","65","6233"
"6","Payment","android","18-24","2021-10","72","6233"
"6","Payment","android","18-24","2021-11","76","6233"
"6","Payment","android","18-24","2021-12","83","6233"
"6","Payment","android","18-24","2022-01","66","6233"
"6","Payment","android","18-24","2022-02","35","6233"
"6","Payment","android","18-24","2022-03","12","6233"
"6","Payment","android","25-34","2021-02","7","6233"
"6","Payment","android","25-34","2021-03","12","6233"
"6","Payment","android","25-34","2021-04","27","6233"
"6","Payment","android","25-34","2021-05","45","6233"
"6","Payment","android","25-34","2021-06","61","6233"
"6","Payment","android","25-34","2021-07","95","6233"
"6","Payment","android","25-34","2021-08","111","6233"
"6","Payment","android","25-34","2021-09","123","6233"
"6","Payment","android","25-34","2021-10","133","6233"
"6","Payment","android","25-34","2021-11","152","6233"
"6","Payment","android","25-34","2021-12","170","6233"
"6","Payment","android","25-34","2022-01","130","6233"
"6","Payment","android","25-34","2022-02","79","6233"
"6","Payment","android","25-34","2022-03","23","6233"
"6","Payment","android","35-44","2021-01","2","6233"
"6","Payment","android","35-44","2021-02","14","6233"
"6","Payment","android","35-44","2021-03","31","6233"
"6","Payment","android","35-44","2021-04","51","6233"
"6","Payment","android","35-44","2021-05","71","6233"
"6","Payment","android","35-44","2021-06","89","6233"
"6","Payment","android","35-44","2021-07","127","6233"
"6","Payment","android","35-44","2021-08","160","6233"
"6","Payment","android","35-44","2021-09","192","6233"
"6","Payment","android","35-44","2021-10","211","6233"
"6","Payment","android","35-44","2021-11","231","6233"
"6","Payment","android","35-44","2021-12","254","6233"
"6","Payment","android","35-44","2022-01","204","6233"
"6","Payment","android","35-44","2022-02","122","6233"
"6","Payment","android","35-44","2022-03","47","6233"
"6","Payment","android","35-44","2022-04","1","6233"
"6","Payment","android","45-54","2021-01","1","6233"
"6","Payment","android","45-54","2021-02","6","6233"
"6","Payment","android","45-54","2021-03","15","6233"
"6","Payment","android","45-54","2021-04","29","6233"
"6","Payment","android","45-54","2021-05","36","6233"
"6","Payment","android","45-54","2021-06","45","6233"
"6","Payment","android","45-54","2021-07","45","6233"
"6","Payment","android","45-54","2021-08","53","6233"
"6","Payment","android","45-54","2021-09","54","6233"
"6","Payment","android","45-54","2021-10","64","6233"
"6","Payment","android","45-54","2021-11","64","6233"
"6","Payment","android","45-54","2021-12","73","6233"
"6","Payment","android","45-54","2022-01","58","6233"
"6","Payment","android","45-54","2022-02","34","6233"
"6","Payment","android","45-54","2022-03","15","6233"
"6","Payment","android","45-54","2022-04","1","6233"
"6","Payment","android","Unknown","2021-01","3","6233"
"6","Payment","android","Unknown","2021-02","16","6233"
"6","Payment","android","Unknown","2021-03","28","6233"
"6","Payment","android","Unknown","2021-04","57","6233"
"6","Payment","android","Unknown","2021-05","77","6233"
"6","Payment","android","Unknown","2021-06","108","6233"
"6","Payment","android","Unknown","2021-07","126","6233"
"6","Payment","android","Unknown","2021-08","143","6233"
"6","Payment","android","Unknown","2021-09","170","6233"
"6","Payment","android","Unknown","2021-10","216","6233"
"6","Payment","android","Unknown","2021-11","242","6233"
"6","Payment","android","Unknown","2021-12","276","6233"
"6","Payment","android","Unknown","2022-01","204","6233"
"6","Payment","android","Unknown","2022-02","124","6233"
"6","Payment","android","Unknown","2022-03","44","6233"
"6","Payment","android","Unknown","2022-04","5","6233"
"6","Payment","ios","18-24","2021-01","4","6233"
"6","Payment","ios","18-24","2021-02","8","6233"
"6","Payment","ios","18-24","2021-03","20","6233"
"6","Payment","ios","18-24","2021-04","35","6233"
"6","Payment","ios","18-24","2021-05","63","6233"
"6","Payment","ios","18-24","2021-06","76","6233"
"6","Payment","ios","18-24","2021-07","98","6233"
"6","Payment","ios","18-24","2021-08","112","6233"
"6","Payment","ios","18-24","2021-09","132","6233"
"6","Payment","ios","18-24","2021-10","155","6233"
"6","Payment","ios","18-24","2021-11","172","6233"
"6","Payment","ios","18-24","2021-12","203","6233"
"6","Payment","ios","18-24","2022-01","149","6233"
"6","Payment","ios","18-24","2022-02","91","6233"
"6","Payment","ios","18-24","2022-03","36","6233"
"6","Payment","ios","25-34","2021-01","5","6233"
"6","Payment","ios","25-34","2021-02","16","6233"
"6","Payment","ios","25-34","2021-03","35","6233"
"6","Payment","ios","25-34","2021-04","74","6233"
"6","Payment","ios","25-34","2021-05","116","6233"
"6","Payment","ios","25-34","2021-06","169","6233"
"6","Payment","ios","25-34","2021-07","200","6233"
"6","Payment","ios","25-34","2021-08","227","6233"
"6","Payment","ios","25-34","2021-09","258","6233"
"6","Payment","ios","25-34","2021-10","300","6233"
"6","Payment","ios","25-34","2021-11","322","6233"
"6","Payment","ios","25-34","2021-12","359","6233"
"6","Payment","ios","25-34","2022-01","255","6233"
"6","Payment","ios","25-34","2022-02","141","6233"
"6","Payment","ios","25-34","2022-03","51","6233"
"6","Payment","ios","25-34","2022-04","1","6233"
"6","Payment","ios","35-44","2021-01","6","6233"
"6","Payment","ios","35-44","2021-02","29","6233"
"6","Payment","ios","35-44","2021-03","59","6233"
"6","Payment","ios","35-44","2021-04","107","6233"
"6","Payment","ios","35-44","2021-05","159","6233"
"6","Payment","ios","35-44","2021-06","233","6233"
"6","Payment","ios","35-44","2021-07","270","6233"
"6","Payment","ios","35-44","2021-08","328","6233"
"6","Payment","ios","35-44","2021-09","355","6233"
"6","Payment","ios","35-44","2021-10","417","6233"
"6","Payment","ios","35-44","2021-11","485","6233"
"6","Payment","ios","35-44","2021-12","523","6233"
"6","Payment","ios","35-44","2022-01","396","6233"
"6","Payment","ios","35-44","2022-02","233","6233"
"6","Payment","ios","35-44","2022-03","85","6233"
"6","Payment","ios","35-44","2022-04","3","6233"
"6","Payment","ios","45-54","2021-01","2","6233"
"6","Payment","ios","45-54","2021-02","12","6233"
"6","Payment","ios","45-54","2021-03","25","6233"
"6","Payment","ios","45-54","2021-04","37","6233"
"6","Payment","ios","45-54","2021-05","52","6233"
"6","Payment","ios","45-54","2021-06","67","6233"
"6","Payment","ios","45-54","2021-07","87","6233"
"6","Payment","ios","45-54","2021-08","101","6233"
"6","Payment","ios","45-54","2021-09","116","6233"
"6","Payment","ios","45-54","2021-10","148","6233"
"6","Payment","ios","45-54","2021-11","181","6233"
"6","Payment","ios","45-54","2021-12","211","6233"
"6","Payment","ios","45-54","2022-01","149","6233"
"6","Payment","ios","45-54","2022-02","89","6233"
"6","Payment","ios","45-54","2022-03","24","6233"
"6","Payment","ios","Unknown","2021-01","2","6233"
"6","Payment","ios","Unknown","2021-02","31","6233"
"6","Payment","ios","Unknown","2021-03","58","6233"
"6","Payment","ios","Unknown","2021-04","89","6233"
"6","Payment","ios","Unknown","2021-05","139","6233"
"6","Payment","ios","Unknown","2021-06","204","6233"
"6","Payment","ios","Unknown","2021-07","257","6233"
"6","Payment","ios","Unknown","2021-08","330","6233"
"6","Payment","ios","Unknown","2021-09","409","6233"
"6","Payment","ios","Unknown","2021-10","456","6233"
"6","Payment","ios","Unknown","2021-11","497","6233"
"6","Payment","ios","Unknown","2021-12","518","6233"
"6","Payment","ios","Unknown","2022-01","380","6233"
"6","Payment","ios","Unknown","2022-02","229","6233"
"6","Payment","ios","Unknown","2022-03","76","6233"
"6","Payment","ios","Unknown","2022-04","1","6233"
"6","Payment","web","18-24","2021-02","1","6233"
"6","Payment","web","18-24","2021-03","5","6233"
"6","Payment","web","18-24","2021-04","11","6233"
"6","Payment","web","18-24","2021-05","16","6233"
"6","Payment","web","18-24","2021-06","18","6233"
"6","Payment","web","18-24","2021-07","19","6233"
"6","Payment","web","18-24","2021-08","22","6233"
"6","Payment","web","18-24","2021-09","21","6233"
"6","Payment","web","18-24","2021-10","22","6233"
"6","Payment","web","18-24","2021-11","24","6233"
"6","Payment","web","18-24","2021-12","33","6233"
"6","Payment","web","18-24","2022-01","24","6233"
"6","Payment","web","18-24","2022-02","17","6233"
"6","Payment","web","18-24","2022-03","4","6233"
"6","Payment","web","25-34","2021-01","2","6233"
"6","Payment","web","25-34","2021-02","3","6233"
"6","Payment","web","25-34","2021-03","5","6233"
"6","Payment","web","25-34","2021-04","10","6233"
"6","Payment","web","25-34","2021-05","17","6233"
"6","Payment","web","25-34","2021-06","22","6233"
"6","Payment","web","25-34","2021-07","26","6233"
"6","Payment","web","25-34","2021-08","31","6233"
"6","Payment","web","25-34","2021-09","36","6233"
"6","Payment","web","25-34","2021-10","38","6233"
"6","Payment","web","25-34","2021-11","47","6233"
"6","Payment","web","25-34","2021-12","46","6233"
"6","Payment","web","25-34","2022-01","37","6233"
"6","Payment","web","25-34","2022-02","19","6233"
"6","Payment","web","25-34","2022-03","13","6233"
"6","Payment","web","35-44","2021-01","2","6233"
"6","Payment","web","35-44","2021-02","4","6233"
"6","Payment","web","35-44","2021-03","13","6233"
"6","Payment","web","35-44","2021-04","14","6233"
"6","Payment","web","35-44","2021-05","24","6233"
"6","Payment","web","35-44","2021-06","32","6233"
"6","Payment","web","35-44","2021-07","47","6233"
"6","Payment","web","35-44","2021-08","56","6233"
"6","Payment","web","35-44","2021-09","66","6233"
"6","Payment","web","35-44","2021-10","89","6233"
"6","Payment","web","35-44","2021-11","98","6233"
"6","Payment","web","35-44","2021-12","99","6233"
"6","Payment","web","35-44","2022-01","71","6233"
"6","Payment","web","35-44","2022-02","45","6233"
"6","Payment","web","35-44","2022-03","8","6233"
"6","Payment","web","45-54","2021-02","2","6233"
"6","Payment","web","45-54","2021-03","4","6233"
"6","Payment","web","45-54","2021-04","9","6233"
"6","Payment","web","45-54","2021-05","14","6233"
"6","Payment","web","45-54","2021-06","14","6233"
"6","Payment","web","45-54","2021-07","16","6233"
"6","Payment","web","45-54","2021-08","16","6233"
"6","Payment","web","45-54","2021-09","19","6233"
"6","Payment","web","45-54","2021-10","19","6233"
"6","Payment","web","45-54","2021-11","20","6233"
"6","Payment","web","45-54","2021-12","19","6233"
"6","Payment","web","45-54","2022-01","17","6233"
"6","Payment","web","45-54","2022-02","8","6233"
"6","Payment","web","45-54","2022-03","6","6233"
"6","Payment","web","Unknown","2021-01","1","6233"
"6","Payment","web","Unknown","2021-02","5","6233"
"6","Payment","web","Unknown","2021-03","7","6233"
"6","Payment","web","Unknown","2021-04","12","6233"
"6","Payment","web","Unknown","2021-05","20","6233"
"6","Payment","web","Unknown","2021-06","39","6233"
"6","Payment","web","Unknown","2021-07","52","6233"
"6","Payment","web","Unknown","2021-08","61","6233"
"6","Payment","web","Unknown","2021-09","63","6233"
"6","Payment","web","Unknown","2021-10","67","6233"
"6","Payment","web","Unknown","2021-11","75","6233"
"6","Payment","web","Unknown","2021-12","79","6233"
"6","Payment","web","Unknown","2022-01","51","6233"
"6","Payment","web","Unknown","2022-02","29","6233"
"6","Payment","web","Unknown","2022-03","9","6233"
"7","Left a Review","android","18-24","2021-01","3","4348"
"7","Left a Review","android","18-24","2021-02","5","4348"
"7","Left a Review","android","18-24","2021-03","8","4348"
"7","Left a Review","android","18-24","2021-04","10","4348"
"7","Left a Review","android","18-24","2021-05","16","4348"
"7","Left a Review","android","18-24","2021-06","23","4348"
"7","Left a Review","android","18-24","2021-07","31","4348"
"7","Left a Review","android","18-24","2021-08","35","4348"
"7","Left a Review","android","18-24","2021-09","44","4348"
"7","Left a Review","android","18-24","2021-10","52","4348"
"7","Left a Review","android","18-24","2021-11","53","4348"
"7","Left a Review","android","18-24","2021-12","55","4348"
"7","Left a Review","android","18-24","2022-01","42","4348"
"7","Left a Review","android","18-24","2022-02","24","4348"
"7","Left a Review","android","18-24","2022-03","9","4348"
"7","Left a Review","android","25-34","2021-02","7","4348"
"7","Left a Review","android","25-34","2021-03","9","4348"
"7","Left a Review","android","25-34","2021-04","19","4348"
"7","Left a Review","android","25-34","2021-05","29","4348"
"7","Left a Review","android","25-34","2021-06","39","4348"
"7","Left a Review","android","25-34","2021-07","62","4348"
"7","Left a Review","android","25-34","2021-08","72","4348"
"7","Left a Review","android","25-34","2021-09","77","4348"
"7","Left a Review","android","25-34","2021-10","86","4348"
"7","Left a Review","android","25-34","2021-11","106","4348"
"7","Left a Review","android","25-34","2021-12","121","4348"
"7","Left a Review","android","25-34","2022-01","93","4348"
"7","Left a Review","android","25-34","2022-02","53","4348"
"7","Left a Review","android","25-34","2022-03","16","4348"
"7","Left a Review","android","35-44","2021-01","1","4348"
"7","Left a Review","android","35-44","2021-02","12","4348"
"7","Left a Review","android","35-44","2021-03","23","4348"
"7","Left a Review","android","35-44","2021-04","42","4348"
"7","Left a Review","android","35-44","2021-05","55","4348"
"7","Left a Review","android","35-44","2021-06","65","4348"
"7","Left a Review","android","35-44","2021-07","91","4348"
"7","Left a Review","android","35-44","2021-08","117","4348"
"7","Left a Review","android","35-44","2021-09","135","4348"
"7","Left a Review","android","35-44","2021-10","145","4348"
"7","Left a Review","android","35-44","2021-11","161","4348"
"7","Left a Review","android","35-44","2021-12","180","4348"
"7","Left a Review","android","35-44","2022-01","143","4348"
"7","Left a Review","android","35-44","2022-02","88","4348"
"7","Left a Review","android","35-44","2022-03","32","4348"
"7","Left a Review","android","45-54","2021-02","4","4348"
"7","Left a Review","android","45-54","2021-03","13","4348"
"7","Left a Review","android","45-54","2021-04","28","4348"
"7","Left a Review","android","45-54","2021-05","30","4348"
"7","Left a Review","android","45-54","2021-06","36","4348"
"7","Left a Review","android","45-54","2021-07","31","4348"
"7","Left a Review","android","45-54","2021-08","39","4348"
"7","Left a Review","android","45-54","2021-09","41","4348"
"7","Left a Review","android","45-54","2021-10","49","4348"
"7","Left a Review","android","45-54","2021-11","49","4348"
"7","Left a Review","android","45-54","2021-12","53","4348"
"7","Left a Review","android","45-54","2022-01","41","4348"
"7","Left a Review","android","45-54","2022-02","23","4348"
"7","Left a Review","android","45-54","2022-03","10","4348"
"7","Left a Review","android","Unknown","2021-01","1","4348"
"7","Left a Review","android","Unknown","2021-02","10","4348"
"7","Left a Review","android","Unknown","2021-03","19","4348"
"7","Left a Review","android","Unknown","2021-04","40","4348"
"7","Left a Review","android","Unknown","2021-05","57","4348"
"7","Left a Review","android","Unknown","2021-06","75","4348"
"7","Left a Review","android","Unknown","2021-07","87","4348"
"7","Left a Review","android","Unknown","2021-08","95","4348"
"7","Left a Review","android","Unknown","2021-09","116","4348"
"7","Left a Review","android","Unknown","2021-10","146","4348"
"7","Left a Review","android","Unknown","2021-11","164","4348"
"7","Left a Review","android","Unknown","2021-12","186","4348"
"7","Left a Review","android","Unknown","2022-01","137","4348"
"7","Left a Review","android","Unknown","2022-02","85","4348"
"7","Left a Review","android","Unknown","2022-03","33","4348"
"7","Left a Review","android","Unknown","2022-04","3","4348"
"7","Left a Review","ios","18-24","2021-01","3","4348"
"7","Left a Review","ios","18-24","2021-02","5","4348"
"7","Left a Review","ios","18-24","2021-03","16","4348"
"7","Left a Review","ios","18-24","2021-04","30","4348"
"7","Left a Review","ios","18-24","2021-05","49","4348"
"7","Left a Review","ios","18-24","2021-06","58","4348"
"7","Left a Review","ios","18-24","2021-07","77","4348"
"7","Left a Review","ios","18-24","2021-08","83","4348"
"7","Left a Review","ios","18-24","2021-09","95","4348"
"7","Left a Review","ios","18-24","2021-10","108","4348"
"7","Left a Review","ios","18-24","2021-11","118","4348"
"7","Left a Review","ios","18-24","2021-12","148","4348"
"7","Left a Review","ios","18-24","2022-01","107","4348"
"7","Left a Review","ios","18-24","2022-02","69","4348"
"7","Left a Review","ios","18-24","2022-03","27","4348"
"7","Left a Review","ios","25-34","2021-01","3","4348"
"7","Left a Review","ios","25-34","2021-02","8","4348"
"7","Left a Review","ios","25-34","2021-03","22","4348"
"7","Left a Review","ios","25-34","2021-04","51","4348"
"7","Left a Review","ios","25-34","2021-05","84","4348"
"7","Left a Review","ios","25-34","2021-06","122","4348"
"7","Left a Review","ios","25-34","2021-07","147","4348"
"7","Left a Review","ios","25-34","2021-08","164","4348"
"7","Left a Review","ios","25-34","2021-09","181","4348"
"7","Left a Review","ios","25-34","2021-10","206","4348"
"7","Left a Review","ios","25-34","2021-11","222","4348"
"7","Left a Review","ios","25-34","2021-12","246","4348"
"7","Left a Review","ios","25-34","2022-01","176","4348"
"7","Left a Review","ios","25-34","2022-02","100","4348"
"7","Left a Review","ios","25-34","2022-03","31","4348"
"7","Left a Review","ios","25-34","2022-04","1","4348"
"7","Left a Review","ios","35-44","2021-01","5","4348"
"7","Left a Review","ios","35-44","2021-02","22","4348"
"7","Left a Review","ios","35-44","2021-03","46","4348"
"7","Left a Review","ios","35-44","2021-04","81","4348"
"7","Left a Review","ios","35-44","2021-05","119","4348"
"7","Left a Review","ios","35-44","2021-06","172","4348"
"7","Left a Review","ios","35-44","2021-07","202","4348"
"7","Left a Review","ios","35-44","2021-08","241","4348"
"7","Left a Review","ios","35-44","2021-09","243","4348"
"7","Left a Review","ios","35-44","2021-10","287","4348"
"7","Left a Review","ios","35-44","2021-11","335","4348"
"7","Left a Review","ios","35-44","2021-12","362","4348"
"7","Left a Review","ios","35-44","2022-01","280","4348"
"7","Left a Review","ios","35-44","2022-02","163","4348"
"7","Left a Review","ios","35-44","2022-03","60","4348"
"7","Left a Review","ios","35-44","2022-04","3","4348"
"7","Left a Review","ios","45-54","2021-01","2","4348"
"7","Left a Review","ios","45-54","2021-02","8","4348"
"7","Left a Review","ios","45-54","2021-03","16","4348"
"7","Left a Review","ios","45-54","2021-04","25","4348"
"7","Left a Review","ios","45-54","2021-05","37","4348"
"7","Left a Review","ios","45-54","2021-06","49","4348"
"7","Left a Review","ios","45-54","2021-07","64","4348"
"7","Left a Review","ios","45-54","2021-08","78","4348"
"7","Left a Review","ios","45-54","2021-09","91","4348"
"7","Left a Review","ios","45-54","2021-10","108","4348"
"7","Left a Review","ios","45-54","2021-11","122","4348"
"7","Left a Review","ios","45-54","2021-12","142","4348"
"7","Left a Review","ios","45-54","2022-01","98","4348"
"7","Left a Review","ios","45-54","2022-02","60","4348"
"7","Left a Review","ios","45-54","2022-03","18","4348"
"7","Left a Review","ios","Unknown","2021-01","2","4348"
"7","Left a Review","ios","Unknown","2021-02","22","4348"
"7","Left a Review","ios","Unknown","2021-03","38","4348"
"7","Left a Review","ios","Unknown","2021-04","61","4348"
"7","Left a Review","ios","Unknown","2021-05","94","4348"
"7","Left a Review","ios","Unknown","2021-06","140","4348"
"7","Left a Review","ios","Unknown","2021-07","180","4348"
"7","Left a Review","ios","Unknown","2021-08","237","4348"
"7","Left a Review","ios","Unknown","2021-09","280","4348"
"7","Left a Review","ios","Unknown","2021-10","308","4348"
"7","Left a Review","ios","Unknown","2021-11","333","4348"
"7","Left a Review","ios","Unknown","2021-12","339","4348"
"7","Left a Review","ios","Unknown","2022-01","252","4348"
"7","Left a Review","ios","Unknown","2022-02","153","4348"
"7","Left a Review","ios","Unknown","2022-03","48","4348"
"7","Left a Review","web","18-24","2021-02","1","4348"
"7","Left a Review","web","18-24","2021-03","3","4348"
"7","Left a Review","web","18-24","2021-04","6","4348"
"7","Left a Review","web","18-24","2021-05","11","4348"
"7","Left a Review","web","18-24","2021-06","13","4348"
"7","Left a Review","web","18-24","2021-07","16","4348"
"7","Left a Review","web","18-24","2021-08","18","4348"
"7","Left a Review","web","18-24","2021-09","16","4348"
"7","Left a Review","web","18-24","2021-10","17","4348"
"7","Left a Review","web","18-24","2021-11","17","4348"
"7","Left a Review","web","18-24","2021-12","20","4348"
"7","Left a Review","web","18-24","2022-01","13","4348"
"7","Left a Review","web","18-24","2022-02","9","4348"
"7","Left a Review","web","18-24","2022-03","3","4348"
"7","Left a Review","web","25-34","2021-01","2","4348"
"7","Left a Review","web","25-34","2021-02","2","4348"
"7","Left a Review","web","25-34","2021-03","4","4348"
"7","Left a Review","web","25-34","2021-04","7","4348"
"7","Left a Review","web","25-34","2021-05","14","4348"
"7","Left a Review","web","25-34","2021-06","18","4348"
"7","Left a Review","web","25-34","2021-07","19","4348"
"7","Left a Review","web","25-34","2021-08","21","4348"
"7","Left a Review","web","25-34","2021-09","22","4348"
"7","Left a Review","web","25-34","2021-10","23","4348"
"7","Left a Review","web","25-34","2021-11","29","4348"
"7","Left a Review","web","25-34","2021-12","27","4348"
"7","Left a Review","web","25-34","2022-01","21","4348"
"7","Left a Review","web","25-34","2022-02","14","4348"
"7","Left a Review","web","25-34","2022-03","10","4348"
"7","Left a Review","web","35-44","2021-01","2","4348"
"7","Left a Review","web","35-44","2021-02","3","4348"
"7","Left a Review","web","35-44","2021-03","9","4348"
"7","Left a Review","web","35-44","2021-04","10","4348"
"7","Left a Review","web","35-44","2021-05","19","4348"
"7","Left a Review","web","35-44","2021-06","25","4348"
"7","Left a Review","web","35-44","2021-07","37","4348"
"7","Left a Review","web","35-44","2021-08","42","4348"
"7","Left a Review","web","35-44","2021-09","50","4348"
"7","Left a Review","web","35-44","2021-10","68","4348"
"7","Left a Review","web","35-44","2021-11","68","4348"
"7","Left a Review","web","35-44","2021-12","70","4348"
"7","Left a Review","web","35-44","2022-01","49","4348"
"7","Left a Review","web","35-44","2022-02","33","4348"
"7","Left a Review","web","35-44","2022-03","6","4348"
"7","Left a Review","web","45-54","2021-02","2","4348"
"7","Left a Review","web","45-54","2021-03","4","4348"
"7","Left a Review","web","45-54","2021-04","7","4348"
"7","Left a Review","web","45-54","2021-05","10","4348"
"7","Left a Review","web","45-54","2021-06","8","4348"
"7","Left a Review","web","45-54","2021-07","10","4348"
"7","Left a Review","web","45-54","2021-08","11","4348"
"7","Left a Review","web","45-54","2021-09","15","4348"
"7","Left a Review","web","45-54","2021-10","17","4348"
"7","Left a Review","web","45-54","2021-11","16","4348"
"7","Left a Review","web","45-54","2021-12","13","4348"
"7","Left a Review","web","45-54","2022-01","10","4348"
"7","Left a Review","web","45-54","2022-02","2","4348"
"7","Left a Review","web","45-54","2022-03","1","4348"
"7","Left a Review","web","Unknown","2021-01","1","4348"
"7","Left a Review","web","Unknown","2021-02","4","4348"
"7","Left a Review","web","Unknown","2021-03","5","4348"
"7","Left a Review","web","Unknown","2021-04","7","4348"
"7","Left a Review","web","Unknown","2021-05","13","4348"
"7","Left a Review","web","Unknown","2021-06","27","4348"
"7","Left a Review","web","Unknown","2021-07","35","4348"
"7","Left a Review","web","Unknown","2021-08","42","4348"
"7","Left a Review","web","Unknown","2021-09","39","4348"
"7","Left a Review","web","Unknown","2021-10","42","4348"
"7","Left a Review","web","Unknown","2021-11","48","4348"
"7","Left a Review","web","Unknown","2021-12","52","4348"
"7","Left a Review","web","Unknown","2022-01","37","4348"
"7","Left a Review","web","Unknown","2022-02","20","4348"
"7","Left a Review","web","Unknown","2022-03","8","4348"